Time,Faults,Avg Voltage,Avg Current,Time ms
0.12,n/a,15.07,116.58,120
0.22,n/a,14.997,127.32,220
0.32,n/a,15.015,138.19,320
0.42,n/a,15.107,149.05,420
0.52,n/a,15.308,159.79,520
0.62,n/a,15.546,170.05,620
0.72,n/a,15.839,180.3,720
0.82,n/a,16.15,190.68,820
0.92,n/a,16.407,199.1,920
1.02,n/a,16.462,203.01,1020
1.12,n/a,16.37,202.89,1120
1.22,n/a,16.315,202.15,1220
1.32,n/a,16.315,201.54,1320
1.42,n/a,16.297,201.06,1420
1.52,n/a,16.26,200.57,1520
1.62,n/a,16.224,200.08,1620
1.72,n/a,16.169,199.59,1720
1.82,n/a,16.132,199.22,1820
1.92,n/a,16.077,198.98,1920
2.02,n/a,16.041,198.74,2020
2.12,n/a,16.022,198.49,2120
2.22,n/a,15.986,198.37,2220
2.32,n/a,15.931,198.25,2320
2.42,n/a,15.912,198.25,2420
2.52,n/a,15.876,198.13,2520
2.62,n/a,15.857,198.13,2620
2.72,n/a,15.839,198,2720
2.82,n/a,15.821,197.76,2820
2.92,n/a,15.766,197.64,2920
3.02,n/a,15.748,197.76,3020
3.12,n/a,15.748,197.76,3120
3.22,n/a,15.729,197.76,3220
3.32,n/a,15.729,197.76,3320
3.42,n/a,15.711,197.76,3420
3.52,n/a,15.693,197.76,3520
3.62,n/a,15.674,197.76,3620
3.72,n/a,15.674,197.76,3720
3.82,n/a,15.656,197.76,3820
3.92,n/a,15.638,197.76,3920
4.02,n/a,15.619,197.76,4020
4.12,n/a,15.601,197.76,4120
4.22,n/a,15.601,197.76,4220
4.32,n/a,15.564,197.76,4320
4.42,n/a,15.583,197.76,4420
4.52,n/a,15.564,197.76,4520
4.62,n/a,15.564,197.76,4620
4.72,n/a,15.546,197.76,4720
4.82,n/a,15.546,197.76,4820
4.92,n/a,15.546,197.76,4920
5.02,n/a,15.528,197.76,5020
5.12,n/a,15.528,197.76,5120
5.22,n/a,15.51,197.76,5220
5.32,n/a,15.528,197.76,5320
5.42,n/a,15.51,197.76,5420
5.52,n/a,15.51,197.76,5520
5.62,n/a,15.491,197.76,5620
5.72,n/a,15.51,197.76,5720
5.82,n/a,15.491,197.76,5820
5.92,n/a,15.473,197.76,5920
6.02,n/a,15.455,197.76,6020
6.12,n/a,15.473,197.76,6120
6.22,n/a,15.455,197.76,6220
6.32,n/a,15.455,197.76,6320
6.42,n/a,15.455,197.76,6420
6.52,n/a,15.455,197.76,6520
6.62,n/a,15.455,197.76,6620
6.72,n/a,15.436,197.64,6720
6.82,n/a,15.473,197.64,6820
6.92,n/a,15.455,197.76,6920
7.02,n/a,15.455,197.76,7020
7.12,n/a,15.436,197.76,7120
7.22,n/a,15.436,197.76,7220
7.32,n/a,15.418,197.76,7320
7.42,n/a,15.418,197.76,7420
7.52,n/a,15.418,197.76,7520
7.62,n/a,15.418,197.76,7620
7.72,n/a,15.4,197.76,7720
7.82,n/a,15.418,197.76,7820
7.92,n/a,15.381,197.76,7920
8.02,n/a,15.381,197.76,8020
8.12,n/a,15.381,197.76,8120
8.22,n/a,15.381,197.76,8220
8.32,n/a,15.381,197.76,8320
8.42,n/a,15.381,197.76,8420
8.52,n/a,15.381,197.76,8520
8.62,n/a,15.381,197.76,8620
8.72,n/a,15.4,197.76,8720
8.82,n/a,15.4,197.64,8820
8.92,n/a,15.4,197.76,8920
9.02,n/a,15.363,197.76,9020
9.12,n/a,15.381,197.76,9120
9.22,n/a,15.381,197.76,9220
9.32,n/a,15.363,197.76,9320
9.42,n/a,15.363,197.76,9420
9.52,n/a,15.363,197.76,9520
9.62,n/a,15.363,197.76,9620
9.72,n/a,15.345,197.64,9720
9.82,n/a,15.345,197.64,9820
9.92,n/a,15.326,197.76,9920
10.02,n/a,15.326,197.76,10020
10.12,n/a,15.326,197.76,10120
10.22,n/a,15.345,197.76,10220
10.32,n/a,15.345,197.76,10320
10.42,n/a,15.326,197.76,10420
10.52,n/a,15.326,197.76,10520
10.62,n/a,15.326,197.76,10620
10.72,n/a,15.326,197.76,10720
10.82,n/a,15.326,197.76,10820
10.92,n/a,15.345,197.76,10920
11.02,n/a,15.345,197.76,11020
11.12,n/a,15.345,197.76,11120
11.22,n/a,15.345,197.76,11220
11.32,n/a,15.345,197.76,11320
11.42,n/a,15.326,197.76,11420
11.52,n/a,15.308,197.64,11520
11.62,n/a,15.308,197.76,11620
11.72,n/a,15.29,197.76,11720
11.82,n/a,15.29,197.88,11820
11.92,n/a,15.271,197.76,11920
12.02,n/a,15.271,197.76,12020
12.12,n/a,15.253,197.64,12120
12.22,n/a,15.253,197.76,12220
12.32,n/a,15.253,197.76,12320
12.42,n/a,15.253,197.76,12420
12.52,n/a,15.271,197.76,12520
12.62,n/a,15.253,197.76,12620
12.72,n/a,15.253,197.76,12720
12.82,n/a,15.253,197.64,12820
12.92,n/a,15.253,197.64,12920
13.02,n/a,15.253,197.76,13020
13.12,n/a,15.253,197.76,13120
13.22,n/a,15.253,197.76,13220
13.32,n/a,15.253,197.76,13320
13.42,n/a,15.253,197.76,13420
13.52,n/a,15.253,197.76,13520
13.62,n/a,15.253,197.64,13620
13.72,n/a,15.235,197.76,13720
13.82,n/a,15.235,197.76,13820
13.92,n/a,15.217,197.64,13920
14.02,n/a,15.217,197.64,14020
14.12,n/a,15.217,197.64,14120
14.22,n/a,15.235,197.76,14220
14.32,n/a,15.235,197.76,14320
14.42,n/a,15.235,197.64,14420
14.52,n/a,15.235,197.64,14520
14.62,n/a,15.217,197.76,14620
14.72,n/a,15.198,197.76,14720
14.82,n/a,15.198,197.76,14820
14.92,n/a,15.18,197.76,14920
15.02,n/a,15.198,197.76,15020
15.12,n/a,15.18,197.76,15120
15.22,n/a,15.198,197.76,15220
15.32,n/a,15.198,197.76,15320
15.42,n/a,15.18,197.76,15420
15.52,n/a,15.198,197.76,15520
15.62,n/a,15.18,197.76,15620
15.72,n/a,15.18,197.76,15720
15.82,n/a,15.18,197.76,15820
15.92,n/a,15.18,197.64,15920
16.02,n/a,15.18,197.64,16020
16.12,n/a,15.18,197.64,16120
16.22,n/a,15.162,197.76,16220
16.32,n/a,15.18,197.76,16320
16.42,n/a,15.162,197.76,16420
16.52,n/a,15.18,197.76,16520
16.62,n/a,15.162,197.76,16620
16.72,n/a,15.162,197.76,16720
16.82,n/a,15.162,197.76,16820
16.92,n/a,15.162,197.76,16920
17.02,n/a,15.18,197.76,17020
17.12,n/a,15.18,197.76,17120
17.22,n/a,15.18,197.76,17220
17.32,n/a,15.18,197.76,17320
17.42,n/a,15.162,197.76,17420
17.52,n/a,15.18,197.76,17520
17.62,n/a,15.18,197.76,17620
17.72,n/a,15.18,197.76,17720
17.82,n/a,15.18,197.76,17820
17.92,n/a,15.162,197.76,17920
18.02,n/a,15.18,197.76,18020
18.12,n/a,15.18,197.76,18120
18.22,n/a,15.18,197.76,18220
18.32,n/a,15.18,197.76,18320
18.42,n/a,15.18,197.76,18420
18.52,n/a,15.18,197.64,18520
18.62,n/a,15.18,197.64,18620
18.72,n/a,15.162,197.76,18720
18.82,n/a,15.18,197.76,18820
18.92,n/a,15.162,197.76,18920
19.02,n/a,15.162,197.76,19020
19.12,n/a,15.162,197.76,19120
19.22,n/a,15.162,197.76,19220
19.32,n/a,15.18,197.76,19320
19.42,n/a,15.18,197.76,19420
19.52,n/a,15.18,197.76,19520
19.62,n/a,15.162,197.64,19620
19.72,n/a,15.18,197.64,19720
19.82,n/a,15.162,197.76,19820
19.92,n/a,15.18,197.76,19920
20.02,n/a,15.18,197.76,20020
20.12,n/a,15.198,197.76,20120
20.22,n/a,15.18,197.76,20220
20.32,n/a,15.198,197.76,20320
20.42,n/a,15.18,197.76,20420
20.52,n/a,15.198,197.76,20520
20.62,n/a,15.198,197.76,20620
20.72,n/a,15.217,197.76,20720
20.82,n/a,15.217,197.76,20820
20.92,n/a,15.217,197.76,20920
21.02,n/a,15.198,197.76,21020
21.12,n/a,15.198,197.76,21120
21.22,n/a,15.198,197.76,21220
21.32,n/a,15.198,197.76,21320
21.42,n/a,15.198,197.76,21420
21.52,n/a,15.198,197.76,21520
21.62,n/a,15.198,197.76,21620
21.72,n/a,15.217,197.76,21720
21.82,n/a,15.217,197.76,21820
21.92,n/a,15.198,197.76,21920
22.02,n/a,15.198,197.76,22020
22.12,n/a,15.198,197.76,22120
22.22,n/a,15.198,197.76,22220
22.32,n/a,15.198,197.76,22320
22.42,n/a,15.198,197.76,22420
22.52,n/a,15.198,197.76,22520
22.62,n/a,15.198,197.76,22620
22.72,n/a,15.198,197.76,22720
22.82,n/a,15.198,197.76,22820
22.92,n/a,15.198,197.76,22920
23.02,n/a,15.198,197.76,23020
23.12,n/a,15.217,197.76,23120
23.22,n/a,15.198,197.76,23220
23.32,n/a,15.198,197.76,23320
23.42,n/a,15.198,197.76,23420
23.52,n/a,15.217,197.76,23520
23.62,n/a,15.217,197.76,23620
23.72,n/a,15.217,197.64,23720
23.82,n/a,15.198,197.64,23820
23.92,n/a,15.217,197.64,23920
24.02,n/a,15.198,197.76,24020
24.12,n/a,15.198,197.64,24120
24.22,n/a,15.18,197.64,24220
24.32,n/a,15.198,197.64,24320
24.42,n/a,15.198,197.64,24420
24.52,n/a,15.235,197.76,24520
24.62,n/a,15.217,197.76,24620
24.72,n/a,15.235,197.76,24720
24.82,n/a,15.217,197.76,24820
24.92,n/a,15.198,197.76,24920
25.02,n/a,15.198,197.76,25020
25.12,n/a,15.198,197.76,25120
25.22,n/a,15.198,197.76,25220
25.32,n/a,15.18,197.76,25320
25.42,n/a,15.198,197.76,25420
25.52,n/a,15.18,197.76,25520
25.62,Hi:WPiVspCspWsp Lo:W ,15.198,197.76,25620
25.72,Hi:WPiVspCspWsp Lo:W ,15.198,197.76,25720
25.82,Hi:WPiVspCspWsp Lo:W ,15.18,197.76,25820
25.92,Hi:WPiVspCspWsp Lo:W ,15.18,197.76,25920
26.02,Hi:WPiVspCspWsp Lo:W ,15.162,197.76,26020
26.12,Hi:WPiVspCspWsp Lo:W ,15.18,197.76,26120
26.22,Hi:WPiVspCspWsp Lo:W ,15.162,197.76,26220
26.32,Hi:WPiVspCspWsp Lo:W ,15.18,197.76,26320
26.42,Hi:WPiVspCspWsp Lo:W ,15.162,197.76,26420
26.52,Hi:WPiVspCspWsp Lo:W ,15.162,197.76,26520
26.62,Hi:WPiVspCspWsp Lo:W ,15.162,197.76,26620
26.72,Hi:WPiVspCspWsp Lo:W ,15.125,197.76,26720
26.82,Hi:WPiVspCspWsp Lo:W ,15.143,197.76,26820
26.92,Hi:WPiVspCspWsp Lo:W ,15.125,197.76,26920
27.02,Hi:WPiVspCspWsp Lo:W ,15.125,197.76,27020
27.12,Hi:WPiVspCspWsp Lo:W ,15.143,197.76,27120
27.22,Hi:WPiVspCspWsp Lo:W ,15.107,197.64,27220
27.32,Hi:WPiVspCspWsp Lo:W ,15.125,197.64,27320
27.42,Hi:WPiVspCspWsp Lo:W ,15.125,197.64,27420
27.52,Hi:WPiVspCspWsp Lo:W ,15.125,197.76,27520
27.62,Hi:WPiVspCspWsp Lo:W ,15.125,197.76,27620
27.72,Hi:WPiVspCspWsp Lo:W ,15.125,197.76,27720
27.82,Hi:WPiVspCspWsp Lo:W ,15.125,197.76,27820
27.92,Hi:WPiVspCspWsp Lo:W ,15.125,197.64,27920
28.02,Hi:WPiVspCspWsp Lo:W ,15.125,197.64,28020
28.12,Hi:WPiVspCspWsp Lo:W ,15.125,197.64,28120
28.22,Hi:WPiVspCspWsp Lo:W ,15.125,197.64,28220
28.32,Hi:WPiVspCspWsp Lo:W ,15.125,197.64,28320
28.42,Hi:WPiVspCspWsp Lo:W ,15.125,197.64,28420
28.52,Hi:WPiVspCspWsp Lo:W ,15.125,197.64,28520
28.62,Hi:WPiVspCspWsp Lo:W ,15.107,197.76,28620
28.72,Hi:WPiVspCspWsp Lo:W ,15.125,197.76,28720
28.82,Hi:WPiVspCspWsp Lo:W ,15.107,197.76,28820
28.92,Hi:WPiVspCspWsp Lo:W ,15.088,197.76,28920
29.02,Hi:WPiVspCspWsp Lo:W ,15.107,197.76,29020
29.12,Hi:WPiVspCspWsp Lo:W ,15.088,197.76,29120
29.22,Hi:WPiVspCspWsp Lo:W ,15.088,197.64,29220
29.32,Hi:WPiVspCspWsp Lo:W ,15.088,197.64,29320
29.42,Hi:WPiVspCspWsp Lo:W ,15.088,197.64,29420
29.52,Hi:WPiVspCspWsp Lo:W ,15.088,197.64,29520
29.62,Hi:WPiVspCspWsp Lo:W ,15.088,197.76,29620
29.72,Hi:WPiVspCspWsp Lo:W ,15.088,197.64,29720
29.82,Hi:WPiVspCspWsp Lo:W ,15.088,197.64,29820
29.92,Hi:WPiVspCspWsp Lo:W ,15.088,197.64,29920
30.02,Hi:WPiVspCspWsp Lo:W ,15.088,197.64,30020
30.12,Hi:WPiVspCspWsp Lo:W ,15.088,197.64,30120
30.22,Hi:WPiVspCspWsp Lo:W ,15.088,197.76,30220
30.32,Hi:WPiVspCspWsp Lo:W ,15.107,197.76,30320
30.42,Hi:WPiVspCspWsp Lo:W ,15.088,197.76,30420
30.52,Hi:WPiVspCspWsp Lo:W ,15.088,197.76,30520
30.62,Hi:WPiVspCspWsp Lo:W ,15.088,197.76,30620
30.72,Hi:WPiVspCspWsp Lo:W ,15.088,197.76,30720
30.82,Hi:WPiVspCspWsp Lo:W ,15.088,197.76,30820
30.92,Hi:WPiVspCspWsp Lo:W ,15.07,197.76,30920
31.02,Hi:WPiVspCspWsp Lo:W ,15.07,197.76,31020
31.12,Hi:WPiVspCspWsp Lo:W ,15.088,197.76,31120
31.22,Hi:WPiVspCspWsp Lo:W ,15.088,197.76,31220
31.32,Hi:WPiVspCspWsp Lo:W ,15.07,197.76,31320
31.42,Hi:WPiVspCspWsp Lo:W ,15.07,197.76,31420
31.52,Hi:WPiVspCspWsp Lo:W ,15.07,197.76,31520
31.62,Hi:WPiVspCspWsp Lo:W ,15.07,197.64,31620
31.72,Hi:WPiVspCspWsp Lo:W ,15.07,197.64,31720
31.82,Hi:WPiVspCspWsp Lo:W ,15.07,197.64,31820
31.92,Hi:WPiVspCspWsp Lo:W ,15.07,197.64,31920
32.02,Hi:WPiVspCspWsp Lo:W ,15.07,197.64,32020
32.12,Hi:WPiVspCspWsp Lo:W ,15.07,197.64,32120
32.22,Hi:WPiVspCspWsp Lo:W ,15.07,197.76,32220
32.32,Hi:WPiVspCspWsp Lo:W ,15.07,197.64,32320
32.42,Hi:WPiVspCspWsp Lo:W ,15.07,197.76,32420
32.52,Hi:WPiVspCspWsp Lo:W ,15.07,197.76,32520
32.62,Hi:WPiVspCspWsp Lo:W ,15.07,197.76,32620
32.72,Hi:WPiVspCspWsp Lo:W ,15.07,197.76,32720
32.82,Hi:WPiVspCspWsp Lo:W ,15.07,197.76,32820
32.92,Hi:WPiVspCspWsp Lo:W ,15.07,197.76,32920
33.02,Hi:WPiVspCspWsp Lo:W ,15.088,197.76,33020
33.12,Hi:WPiVspCspWsp Lo:W ,15.088,197.64,33120
33.22,Hi:WPiVspCspWsp Lo:W ,15.088,197.64,33220
33.32,Hi:WPiVspCspWsp Lo:W ,15.088,197.64,33320
33.42,Hi:WPiVspCspWsp Lo:W ,15.088,197.76,33420
33.52,Hi:WPiVspCspWsp Lo:W ,15.088,197.76,33520
33.62,Hi:WPiVspCspWsp Lo:W ,15.088,197.64,33620
33.72,Hi:WPiVspCspWsp Lo:W ,15.088,197.76,33720
33.82,Hi:WPiVspCspWsp Lo:W ,15.088,197.76,33820
33.92,Hi:WPiVspCspWsp Lo:W ,15.088,197.76,33920
34.02,Hi:WPiVspCspWsp Lo:W ,15.088,197.76,34020
34.12,Hi:WPiVspCspWsp Lo:W ,15.088,197.76,34120
34.22,Hi:WPiVspCspWsp Lo:W ,15.088,197.64,34220
34.32,Hi:WPiVspCspWsp Lo:W ,15.07,197.64,34320
34.42,Hi:WPiVspCspWsp Lo:W ,15.07,197.64,34420
34.52,Hi:WPiVspCspWsp Lo:W ,15.07,197.64,34520
34.62,Hi:WPiVspCspWsp Lo:W ,15.07,197.76,34620
34.72,Hi:WPiVspCspWsp Lo:W ,15.07,197.64,34720
34.82,Hi:WPiVspCspWsp Lo:W ,15.07,197.76,34820
34.92,Hi:WPiVspCspWsp Lo:W ,15.052,197.64,34920
35.02,Hi:WPiVspCspWsp Lo:W ,15.07,197.64,35020
35.12,Hi:WPiVspCspWsp Lo:W ,15.07,197.76,35120
35.22,Hi:WPiVspCspWsp Lo:W ,15.07,197.64,35220
35.32,Hi:WPiVspCspWsp Lo:W ,15.07,197.64,35320
35.42,Hi:WPiVspCspWsp Lo:W ,15.07,197.64,35420
35.52,Hi:WPiVspCspWsp Lo:W ,15.07,197.64,35520
35.62,Hi:WPiVspCspWsp Lo:W ,15.088,197.64,35620
35.72,Hi:WPiVspCspWsp Lo:W ,15.088,197.76,35720
35.82,Hi:WPiVspCspWsp Lo:W ,15.07,197.76,35820
35.92,Hi:WPiVspCspWsp Lo:W ,15.088,197.64,35920
36.02,Hi:WPiVspCspWsp Lo:W ,15.088,197.64,36020
36.12,Hi:WPiVspCspWsp Lo:W ,15.088,197.76,36120
36.22,Hi:WPiVspCspWsp Lo:W ,15.088,197.76,36220
36.32,Hi:WPiVspCspWsp Lo:W ,15.088,197.76,36320
36.42,Hi:WPiVspCspWsp Lo:W ,15.07,197.76,36420
36.52,Hi:WPiVspCspWsp Lo:W ,15.052,197.76,36520
36.62,Hi:WPiVspCspWsp Lo:W ,15.052,197.76,36620
36.72,Hi:WPiVspCspWsp Lo:W ,15.07,197.64,36720
36.82,Hi:WPiVspCspWsp Lo:W ,15.07,197.64,36820
36.92,Hi:WPiVspCspWsp Lo:W ,15.07,197.64,36920
37.02,Hi:WPiVspCspWsp Lo:W ,15.07,197.64,37020
37.12,Hi:WPiVspCspWsp Lo:W ,15.07,197.64,37120
37.22,Hi:WPiVspCspWsp Lo:W ,15.07,197.64,37220
37.32,Hi:WPiVspCspWsp Lo:W ,15.07,197.64,37320
37.42,Hi:WPiVspCspWsp Lo:W ,15.07,197.64,37420
37.52,Hi:WPiVspCspWsp Lo:W ,15.07,197.64,37520
37.62,Hi:WPiVspCspWsp Lo:W ,15.07,197.64,37620
37.72,Hi:WPiVspCspWsp Lo:W ,15.07,197.64,37720
37.82,Hi:WPiVspCspWsp Lo:W ,15.07,197.64,37820
37.92,Hi:WPiVspCspWsp Lo:W ,15.07,197.64,37920
38.02,Hi:WPiVspCspWsp Lo:W ,15.07,197.64,38020
38.12,Hi:WPiVspCspWsp Lo:W ,15.07,197.64,38120
38.22,Hi:WPiVspCspWsp Lo:W ,15.07,197.64,38220
38.32,Hi:WPiVspCspWsp Lo:W ,15.088,197.64,38320
38.42,Hi:WPiVspCspWsp Lo:W ,15.07,197.64,38420
38.52,Hi:WPiVspCspWsp Lo:W ,15.088,197.64,38520
38.62,Hi:WPiVspCspWsp Lo:W ,15.088,197.64,38620
38.72,Hi:WPiVspCspWsp Lo:W ,15.088,197.64,38720
38.82,Hi:WPiVspCspWsp Lo:W ,15.088,197.64,38820
38.92,Hi:WPiVspCspWsp Lo:W ,15.088,197.64,38920
39.02,Hi:WPiVspCspWsp Lo:W ,15.088,197.64,39020
39.12,Hi:WPiVspCspWsp Lo:W ,15.088,197.64,39120
39.22,Hi:WPiVspCspWsp Lo:W ,15.088,197.76,39220
39.32,Hi:WPiVspCspWsp Lo:W ,15.088,197.76,39320
39.42,Hi:WPiVspCspWsp Lo:W ,15.088,197.64,39420
39.52,Hi:WPiVspCspWsp Lo:W ,15.07,197.64,39520
39.62,Hi:WPiVspCspWsp Lo:W ,15.07,197.64,39620
39.72,Hi:WPiVspCspWsp Lo:W ,15.07,197.64,39720
39.82,Hi:WPiVspCspWsp Lo:W ,15.07,197.64,39820
39.92,Hi:WPiVspCspWsp Lo:W ,15.07,197.64,39920
40.02,Hi:WPiVspCspWsp Lo:W ,15.07,197.76,40020
40.12,Hi:WPiVspCspWsp Lo:W ,15.07,197.76,40120
40.22,Hi:WPiVspCspWsp Lo:W ,15.07,197.64,40220
40.32,Hi:WPiVspCspWsp Lo:W ,15.033,197.64,40320
40.42,Hi:WPiVspCspWsp Lo:W ,14.997,197.64,40420
40.52,Hi:WPiVspCspWsp Lo:W ,14.978,197.64,40520
40.62,Hi:WPiVspCspWsp Lo:W ,15.052,197.64,40620
40.72,Hi:WPiVspCspWsp Lo:W ,14.997,197.64,40720
40.82,Hi:WPiVspCspWsp Lo:W ,14.997,197.64,40820
40.92,Hi:WPiVspCspWsp Lo:W ,15.015,197.64,40920
41.02,Hi:WPiVspCspWsp Lo:W ,15.033,197.76,41020
41.12,Hi:WPiVspCspWsp Lo:W ,14.978,197.64,41120
41.22,Hi:WPiVspCspWsp Lo:W ,14.978,197.76,41220
41.32,Hi:WPiVspCspWsp Lo:W ,15.015,197.64,41320
41.42,Hi:WPiVspCspWsp Lo:W ,15.033,197.64,41420
41.52,Hi:WPiVspCspWsp Lo:W ,14.997,197.64,41520
41.62,Hi:WPiVspCspWsp Lo:W ,14.96,197.64,41620
41.72,Hi:WPiVspCspWsp Lo:W ,14.942,197.64,41720
41.82,Hi:WPiVspCspWsp Lo:W ,14.997,197.64,41820
41.92,Hi:WPiVspCspWsp Lo:W ,15.015,197.76,41920
42.02,Hi:WPiVspCspWsp Lo:W ,15.015,197.64,42020
42.12,Hi:WPiVspCspWsp Lo:W ,15.015,197.64,42120
42.22,Hi:WPiVspCspWsp Lo:W ,15.015,197.64,42220
42.32,Hi:WPiVspCspWsp Lo:W ,14.978,197.64,42320
42.42,Hi:WPiVspCspWsp Lo:W ,14.96,197.64,42420
42.52,Hi:WPiVspCspWsp Lo:W ,14.96,197.64,42520
42.62,Hi:WPiVspCspWsp Lo:W ,14.997,197.76,42620
42.72,Hi:WPiVspCspWsp Lo:W ,14.942,197.64,42720
42.82,Hi:WPiVspCspWsp Lo:W ,14.96,197.64,42820
42.92,Hi:WPiVspCspWsp Lo:W ,14.997,197.64,42920
43.02,Hi:WPiVspCspWsp Lo:W ,14.978,197.64,43020
43.12,Hi:WPiVspCspWsp Lo:W ,14.942,197.64,43120
43.22,Hi:WPiVspCspWsp Lo:W ,14.942,197.64,43220
43.32,Hi:WPiVspCspWsp Lo:W ,15.015,197.64,43320
43.42,Hi:WPiVspCspWsp Lo:W ,15.015,197.64,43420
43.52,Hi:WPiVspCspWsp Lo:W ,14.96,197.64,43520
43.62,Hi:WPiVspCspWsp Lo:W ,14.942,197.64,43620
43.72,Hi:WPiVspCspWsp Lo:W ,14.942,197.64,43720
43.82,Hi:WPiVspCspWsp Lo:W ,14.997,197.64,43820
43.92,Hi:WPiVspCspWsp Lo:W ,14.924,197.64,43920
44.02,Hi:WPiVspCspWsp Lo:W ,14.942,197.64,44020
44.12,Hi:WPiVspCspWsp Lo:W ,14.96,197.64,44120
44.22,Hi:WPiVspCspWsp Lo:W ,14.997,197.64,44220
44.32,Hi:WPiVspCspWsp Lo:W ,15.015,197.64,44320
44.42,Hi:WPiVspCspWsp Lo:W ,15.033,197.76,44420
44.52,Hi:WPiVspCspWsp Lo:W ,15.033,197.76,44520
44.62,Hi:WPiVspCspWsp Lo:W ,15.033,197.76,44620
44.72,Hi:WPiVspCspWsp Lo:W ,14.978,197.64,44720
44.82,Hi:WPiVspCspWsp Lo:W ,14.96,197.64,44820
44.92,Hi:WPiVspCspWsp Lo:W ,14.997,197.64,44920
45.02,Hi:WPiVspCspWsp Lo:W ,15.015,197.64,45020
45.12,Hi:WPiVspCspWsp Lo:W ,14.997,197.64,45120
45.22,Hi:WPiVspCspWsp Lo:W ,14.942,197.64,45220
45.32,Hi:WPiVspCspWsp Lo:W ,14.942,197.64,45320
45.42,Hi:WPiVspCspWsp Lo:W ,14.997,197.64,45420
45.52,Hi:WPiVspCspWsp Lo:W ,15.015,197.64,45520
45.62,Hi:WPiVspCspWsp Lo:W ,15.033,197.76,45620
45.72,Hi:WPiVspCspWsp Lo:W ,15.033,197.64,45720
45.82,Hi:WPiVspCspWsp Lo:W ,15.015,197.64,45820
45.92,Hi:WPiVspCspWsp Lo:W ,14.978,197.64,45920
46.02,Hi:WPiVspCspWsp Lo:W ,14.96,197.76,46020
46.12,Hi:WPiVspCspWsp Lo:W ,14.96,197.64,46120
46.22,Hi:WPiVspCspWsp Lo:W ,15.015,197.76,46220
46.32,Hi:WPiVspCspWsp Lo:W ,15.015,197.64,46320
46.42,Hi:WPiVspCspWsp Lo:W ,14.96,197.64,46420
46.52,Hi:WPiVspCspWsp Lo:W ,14.96,197.64,46520
46.62,Hi:WPiVspCspWsp Lo:W ,14.997,197.64,46620
46.72,Hi:WPiVspCspWsp Lo:W ,15.033,197.64,46720
46.82,Hi:WPiVspCspWsp Lo:W ,14.978,197.64,46820
46.92,Hi:WPiVspCspWsp Lo:W ,14.96,197.64,46920
47.02,Hi:WPiVspCspWsp Lo:W ,14.96,197.64,47020
47.12,Hi:WPiVspCspWsp Lo:W ,15.015,197.64,47120
47.22,Hi:WPiVspCspWsp Lo:W ,15.015,197.64,47220
47.32,Hi:WPiVspCspWsp Lo:W ,14.978,197.64,47320
47.42,Hi:WPiVspCspWsp Lo:W ,14.96,197.64,47420
47.52,Hi:WPiVspCspWsp Lo:W ,14.942,197.64,47520
47.62,Hi:WPiVspCspWsp Lo:W ,14.997,197.76,47620
47.72,Hi:WPiVspCspWsp Lo:W ,14.96,197.76,47720
47.82,Hi:WPiVspCspWsp Lo:W ,14.96,197.64,47820
47.92,Hi:WPiVspCspWsp Lo:W ,14.978,197.64,47920
48.02,Hi:WPiVspCspWsp Lo:W ,14.997,197.64,48020
48.12,Hi:WPiVspCspWsp Lo:W ,15.015,197.64,48120
48.22,Hi:WPiVspCspWsp Lo:W ,15.015,197.64,48220
48.32,Hi:WPiVspCspWsp Lo:W ,15.015,197.64,48320
48.42,Hi:WPiVspCspWsp Lo:W ,15.015,197.64,48420
48.52,Hi:WPiVspCspWsp Lo:W ,15.015,197.64,48520
48.62,Hi:WPiVspCspWsp Lo:W ,14.997,197.64,48620
48.72,Hi:WPiVspCspWsp Lo:W ,14.997,197.64,48720
48.82,Hi:WPiVspCspWsp Lo:W ,14.997,197.64,48820
48.92,Hi:WPiVspCspWsp Lo:W ,15.015,197.64,48920
49.02,Hi:WPiVspCspWsp Lo:W ,15.015,197.64,49020
49.12,Hi:WPiVspCspWsp Lo:W ,15.015,197.64,49120
49.22,Hi:WPiVspCspWsp Lo:W ,15.015,197.64,49220
49.32,Hi:WPiVspCspWsp Lo:W ,15.015,197.64,49320
49.42,Hi:WPiVspCspWsp Lo:W ,14.978,197.64,49420
49.52,Hi:WPiVspCspWsp Lo:W ,14.96,197.64,49520
49.62,Hi:WPiVspCspWsp Lo:W ,14.96,197.64,49620
49.72,Hi:WPiVspCspWsp Lo:W ,15.015,197.64,49720
49.82,Hi:WPiVspCspWsp Lo:W ,15.015,197.64,49820
49.92,Hi:WPiVspCspWsp Lo:W ,15.015,197.64,49920
50.02,Hi:WPiVspCspWsp Lo:W ,15.015,197.76,50020
50.12,Hi:WPiVspCspWsp Lo:W ,15.015,197.76,50120
50.22,Hi:WPiVspCspWsp Lo:W ,15.015,197.76,50220
50.32,Hi:WPiVspCspWsp Lo:W ,14.997,197.64,50320
50.42,Hi:WPiVspCspWsp Lo:W ,14.997,197.64,50420
50.52,Hi:WPiVspCspWsp Lo:W ,14.997,197.64,50520
50.62,Hi:WPiVspCspWsp Lo:W ,14.997,197.64,50620
50.72,Hi:WPiVspCspWsp Lo:W ,14.997,197.64,50720
50.82,Hi:WPiVspCspWsp Lo:W ,14.997,197.64,50820
50.92,Hi:WPiVspCspWsp Lo:W ,14.997,197.64,50920
51.02,Hi:WPiVspCspWsp Lo:W ,14.997,197.64,51020
51.12,Hi:WPiVspCspWsp Lo:W ,14.997,197.64,51120
51.22,Hi:WPiVspCspWsp Lo:W ,14.997,197.64,51220
51.32,Hi:WPiVspCspWsp Lo:W ,14.997,197.64,51320
51.42,Hi:WPiVspCspWsp Lo:W ,14.997,197.64,51420
51.52,Hi:WPiVspCspWsp Lo:W ,14.997,197.64,51520
51.62,Hi:WPiVspCspWsp Lo:W ,14.997,197.64,51620
51.72,Hi:WPiVspCspWsp Lo:W ,14.997,197.64,51720
51.82,Hi:WPiVspCspWsp Lo:W ,14.978,197.64,51820
51.92,Hi:WPiVspCspWsp Lo:W ,14.978,197.64,51920
52.02,Hi:WPiVspCspWsp Lo:W ,14.978,197.64,52020
52.12,Hi:WPiVspCspWsp Lo:W ,14.978,197.64,52120
52.22,Hi:WPiVspCspWsp Lo:W ,14.96,197.64,52220
52.32,Hi:WPiVspCspWsp Lo:W ,14.96,197.64,52320
52.42,Hi:WPiVspCspWsp Lo:W ,14.978,197.64,52420
52.52,Hi:WPiVspCspWsp Lo:W ,14.96,197.64,52520
52.62,Hi:WPiVspCspWsp Lo:W ,14.978,197.64,52620
52.72,Hi:WPiVspCspWsp Lo:W ,14.978,197.64,52720
52.82,Hi:WPiVspCspWsp Lo:W ,14.96,197.76,52820
52.92,Hi:WPiVspCspWsp Lo:W ,14.96,197.64,52920
53.02,Hi:WPiVspCspWsp Lo:W ,14.96,197.64,53020
53.12,Hi:WPiVspCspWsp Lo:W ,14.924,197.64,53120
53.22,Hi:WPiVspCspWsp Lo:W ,14.905,197.64,53220
53.32,Hi:WPiVspCspWsp Lo:W ,14.905,197.64,53320
53.42,Hi:WPiVspCspWsp Lo:W ,14.942,197.64,53420
53.52,Hi:WPiVspCspWsp Lo:W ,14.96,197.64,53520
53.62,Hi:WPiVspCspWsp Lo:W ,14.887,197.64,53620
53.72,Hi:WPiVspCspWsp Lo:W ,14.887,197.64,53720
53.82,n/a,14.905,197.64,53820
53.92,n/a,14.96,197.64,53920
54.02,n/a,14.942,197.64,54020
54.12,n/a,14.942,197.64,54120
54.22,n/a,14.942,197.64,54220
54.32,n/a,14.924,197.64,54320
54.42,n/a,14.924,197.64,54420
54.52,n/a,14.942,197.64,54520
54.62,n/a,14.942,197.64,54620
54.72,n/a,14.942,197.64,54720
54.82,n/a,14.924,197.64,54820
54.92,n/a,14.887,197.64,54920
55.02,n/a,14.887,197.64,55020
55.12,n/a,14.942,197.64,55120
55.22,n/a,14.905,197.64,55220
55.32,n/a,14.887,197.64,55320
55.42,n/a,14.887,197.64,55420
55.52,n/a,14.942,197.64,55520
55.62,n/a,14.869,197.64,55620
55.72,n/a,14.869,197.64,55720
55.82,n/a,14.887,197.64,55820
55.92,n/a,14.869,197.64,55920
56.02,n/a,14.869,197.64,56020
56.12,n/a,14.869,197.64,56120
56.22,n/a,14.924,197.64,56220
56.32,n/a,14.924,197.64,56320
56.42,n/a,14.924,197.64,56420
56.52,n/a,14.924,197.64,56520
56.62,n/a,14.924,197.64,56620
56.72,n/a,14.924,197.64,56720
56.82,n/a,14.942,197.64,56820
56.92,n/a,14.942,197.64,56920
57.02,n/a,14.924,197.64,57020
57.12,n/a,14.924,197.64,57120
57.22,n/a,14.924,197.64,57220
57.32,n/a,14.924,197.64,57320
57.42,n/a,14.924,197.64,57420
57.52,n/a,14.942,197.64,57520
57.62,n/a,14.942,197.64,57620
57.72,n/a,14.942,197.64,57720
57.82,n/a,14.942,197.64,57820
57.92,n/a,14.96,197.64,57920
58.02,n/a,14.96,197.64,58020
58.12,n/a,14.942,197.64,58120
58.22,n/a,14.942,197.64,58220
58.32,n/a,14.96,197.64,58320
58.42,n/a,14.942,197.64,58420
58.52,n/a,14.96,197.76,58520
58.62,n/a,14.96,197.64,58620
58.72,n/a,14.96,197.64,58720
58.82,n/a,14.978,197.64,58820
58.92,n/a,14.997,197.64,58920
59.02,n/a,14.978,197.64,59020
59.12,n/a,14.978,197.64,59120
59.22,n/a,14.997,197.76,59220
59.32,n/a,14.997,197.64,59320
59.42,n/a,14.997,197.64,59420
59.52,n/a,14.997,197.64,59520
59.62,n/a,14.997,197.64,59620
59.72,n/a,14.997,197.64,59720
59.82,n/a,15.015,197.64,59820
59.92,n/a,15.015,197.64,59920
60.02,n/a,15.033,197.64,60020
60.12,n/a,15.033,197.76,60120
60.22,n/a,15.015,197.76,60220
60.32,n/a,15.015,197.64,60320
60.42,n/a,15.033,197.64,60420
60.52,n/a,15.033,197.64,60520
60.62,n/a,15.033,197.64,60620
60.72,n/a,15.033,197.76,60720
60.82,n/a,15.033,197.76,60820
60.92,n/a,15.033,197.64,60920
61.02,n/a,15.015,197.64,61020
61.12,n/a,15.015,197.64,61120
61.22,n/a,15.015,197.64,61220
61.32,n/a,15.015,197.76,61320
61.42,n/a,15.033,197.76,61420
61.52,n/a,15.033,197.64,61520
61.62,n/a,15.015,197.64,61620
61.72,n/a,15.015,197.64,61720
61.82,n/a,15.015,197.64,61820
61.92,n/a,15.015,197.64,61920
62.02,n/a,15.015,197.64,62020
62.12,n/a,15.015,197.64,62120
62.22,n/a,15.033,197.64,62220
62.32,n/a,15.033,197.64,62320
62.42,n/a,15.052,197.64,62420
62.52,n/a,15.033,197.64,62520
62.62,n/a,15.033,197.64,62620
62.72,n/a,15.033,197.64,62720
62.82,n/a,15.033,197.64,62820
62.92,n/a,15.033,197.64,62920
63.02,n/a,15.033,197.64,63020
63.12,n/a,15.033,197.64,63120
63.22,n/a,15.052,197.64,63220
63.32,n/a,15.052,197.64,63320
63.42,n/a,15.033,197.64,63420
63.52,n/a,15.052,197.64,63520
63.62,n/a,15.033,197.76,63620
63.72,n/a,15.052,197.64,63720
63.82,n/a,15.033,197.64,63820
63.92,n/a,15.052,197.64,63920
64.02,n/a,15.052,197.64,64020
64.12,n/a,15.033,197.64,64120
64.22,n/a,15.052,197.64,64220
64.32,n/a,15.033,197.64,64320
64.42,n/a,15.052,197.64,64420
64.52,n/a,15.052,197.76,64520
64.62,n/a,15.052,197.76,64620
64.72,n/a,15.052,197.76,64720
64.82,n/a,15.033,197.64,64820
64.92,n/a,15.052,197.64,64920
65.02,n/a,15.052,197.76,65020
65.12,n/a,15.033,197.76,65120
65.22,n/a,15.052,197.76,65220
65.32,n/a,15.052,197.64,65320
65.42,n/a,15.052,197.64,65420
65.52,n/a,15.033,197.64,65520
65.62,n/a,15.033,197.64,65620
65.72,n/a,15.033,197.64,65720
65.82,n/a,15.052,197.64,65820
65.92,n/a,15.033,197.76,65920
66.02,n/a,15.033,197.64,66020
66.12,n/a,15.033,197.64,66120
66.22,n/a,15.015,197.64,66220
66.32,n/a,15.015,197.64,66320
66.42,n/a,15.015,197.64,66420
66.52,n/a,15.015,197.64,66520
66.62,n/a,15.033,197.64,66620
66.72,n/a,15.033,197.64,66720
66.82,n/a,15.015,197.64,66820
66.92,n/a,15.033,197.64,66920
67.02,n/a,15.033,197.64,67020
67.12,n/a,15.015,197.64,67120
67.22,n/a,15.015,197.64,67220
67.32,n/a,15.015,197.64,67320
67.42,n/a,15.015,197.64,67420
67.52,n/a,14.997,197.64,67520
67.62,n/a,14.997,197.64,67620
67.72,n/a,14.997,197.64,67720
67.82,n/a,14.997,197.64,67820
67.92,n/a,14.997,197.64,67920
68.02,n/a,14.997,197.64,68020
68.12,n/a,14.997,197.64,68120
68.22,n/a,14.997,197.64,68220
68.32,n/a,14.997,197.64,68320
68.42,n/a,14.997,197.64,68420
68.52,n/a,14.997,197.64,68520
68.62,n/a,14.997,197.64,68620
68.72,n/a,14.997,197.64,68720
68.82,n/a,14.997,197.64,68820
68.92,n/a,14.978,197.64,68920
69.02,n/a,14.978,197.64,69020
69.12,n/a,14.978,197.64,69120
69.22,n/a,14.997,197.64,69220
69.32,n/a,14.997,197.64,69320
69.42,n/a,14.997,197.64,69420
69.52,n/a,14.997,197.64,69520
69.62,n/a,14.997,197.64,69620
69.72,n/a,15.015,197.64,69720
69.82,n/a,14.997,197.64,69820
69.92,n/a,14.997,197.64,69920
70.02,n/a,14.997,197.64,70020
70.12,n/a,14.997,197.64,70120
70.22,n/a,14.997,197.64,70220
70.32,n/a,14.997,197.64,70320
70.42,n/a,14.997,197.64,70420
70.52,n/a,14.997,197.64,70520
70.62,n/a,14.997,197.64,70620
70.72,n/a,14.997,197.64,70720
70.82,n/a,14.997,197.64,70820
70.92,n/a,15.015,197.64,70920
71.02,n/a,14.997,197.64,71020
71.12,n/a,14.997,197.64,71120
71.22,n/a,14.997,197.64,71220
71.32,n/a,14.997,197.64,71320
71.42,n/a,14.997,197.64,71420
71.52,n/a,15.015,197.64,71520
71.62,n/a,14.997,197.64,71620
71.72,n/a,14.997,197.64,71720
71.82,n/a,14.997,197.64,71820
71.92,n/a,14.997,197.76,71920
72.02,n/a,14.997,197.76,72020
72.12,n/a,15.015,197.64,72120
72.22,n/a,15.015,197.76,72220
72.32,n/a,15.015,197.64,72320
72.42,n/a,15.015,197.64,72420
72.52,n/a,15.052,197.64,72520
72.62,n/a,15.033,197.64,72620
72.72,n/a,15.033,197.64,72720
72.82,n/a,14.997,197.64,72820
72.92,n/a,15.033,197.64,72920
73.02,n/a,15.033,197.64,73020
73.12,n/a,15.015,197.64,73120
73.22,n/a,15.015,197.64,73220
73.32,n/a,15.015,197.64,73320
73.42,n/a,15.015,197.64,73420
73.52,n/a,15.015,197.64,73520
73.62,n/a,15.033,197.64,73620
73.72,n/a,15.033,197.64,73720
73.82,n/a,15.052,197.64,73820
73.92,n/a,15.033,197.64,73920
74.02,n/a,15.052,197.64,74020
74.12,n/a,15.052,197.76,74120
74.22,n/a,15.033,197.76,74220
74.32,n/a,15.052,197.64,74320
74.42,n/a,15.033,197.64,74420
74.52,n/a,15.052,197.64,74520
74.62,n/a,15.033,197.64,74620
74.72,n/a,15.033,197.64,74720
74.82,n/a,15.052,197.64,74820
74.92,n/a,15.033,197.64,74920
75.02,n/a,15.07,197.64,75020
75.12,n/a,15.07,197.64,75120
75.22,n/a,15.07,197.64,75220
75.32,n/a,15.07,197.64,75320
75.42,n/a,15.07,197.64,75420
75.52,n/a,15.07,197.64,75520
75.62,n/a,15.088,197.64,75620
75.72,n/a,15.088,197.64,75720
75.82,n/a,15.088,197.64,75820
75.92,n/a,15.088,197.64,75920
76.02,n/a,15.088,197.64,76020
76.12,n/a,15.088,197.76,76120
76.22,n/a,15.107,197.64,76220
76.32,n/a,15.107,197.76,76320
76.42,n/a,15.107,197.76,76420
76.52,n/a,15.088,197.76,76520
76.62,n/a,15.07,197.64,76620
76.72,n/a,15.052,197.64,76720
76.82,n/a,15.052,197.64,76820
76.92,n/a,15.052,197.64,76920
77.02,n/a,15.033,197.64,77020
77.12,n/a,15.015,197.64,77120
77.22,n/a,15.015,197.64,77220
77.32,n/a,14.942,197.64,77320
77.42,n/a,14.905,197.64,77420
77.52,n/a,14.905,197.64,77520
77.62,n/a,14.978,197.64,77620
77.72,n/a,14.887,197.64,77720
77.82,n/a,14.814,197.64,77820
77.92,n/a,14.814,197.64,77920
78.02,n/a,14.869,197.64,78020
78.12,n/a,14.869,197.64,78120
78.22,n/a,14.85,197.64,78220
78.32,n/a,14.832,197.64,78320
78.42,n/a,14.686,194.59,78420
78.52,n/a,13.44,165.41,78520
78.62,n/a,11.792,125.37,78620
78.72,n/a,10.053,90.58,78720
78.82,n/a,5.951,52,78820
